,Unnamed: 0,id,genome,target_chr,target_start,target_end,target_context,LeNup_H3Q85C
0,0,0,hg19,chr11,5248198,5248220,TCTCCTTAAACCTGTCTTGTAACCTTGATACCAACCTGCCCAGGGCCTCACCACCAACTTCATCCACGTTCACCTTGCCCCACAGGGCAGTAACGGCAGACTTCTCCTCAGGAGTCAGATGCACCATGGTGTCTGTTTGAGGTTGCTAGTGAACACAGTTGTGTCAGAA,"[0.4960338  0.48200363 0.48863852 0.48185325 0.49643585 0.47368753
 0.49788043 0.48757654 0.48735383 0.48220527 0.4741044  0.4784034
 0.4851941  0.4681521  0.5126059  0.49043125 0.49380225 0.4868755
 0.48201653 0.49097314 0.5031774  0.45190522 0.5205772 ]"
1,1,1,hg19,chr1,38230662,38230684,ACAGCTCGGTCTGCGGACCATGGAGACCTGCGCCGGTCCACACCCGCTGCGCCTCTTCCTCTGCCGGATGCAGCTCTGTCTCGCGCTGCTTTTGGGACCCTGGCGGCCTGGGACCGCCGAGGAAGGTGAGAAGACTGGTGAGCTCTGCTCGGAGCGTGGCATACCAAAA,"[0.21932206 0.25960103 0.15929914 0.18452705 0.14347023 0.15905079
 0.13556062 0.20941055 0.18029407 0.21477713 0.13565074 0.15416124
 0.11072899 0.13669972 0.12192296 0.17358512 0.16709782 0.22235645
 0.13552338 0.14687724 0.10645974 0.11914791 0.10077685]"
2,2,2,hg19,chr1,177593963,177593985,ATGGGGATTGCAATTCAACATGAGATTTGGGTGGGGACACAGAGCCAGACTGTATCAGTGGAGAATCTGAATTTCTACCCCACATGGCAGTAATGGGTTGGTGAATCCCCTTCCTCTTCCAGAGAGGTGTAATAGGAAACCAATTAAAGCTAACATTTAAATAGGATGT,"[0.4430188  0.42720956 0.43592963 0.44186318 0.4355621  0.4268591
 0.42880258 0.4378348  0.42711848 0.4073467  0.422773   0.42568874
 0.40481445 0.40719137 0.3956059  0.4166505  0.3930733  0.37289092
 0.36359224 0.38196775 0.34282392 0.35753068 0.3562331 ]"
3,3,3,hg19,chr1,191839001,191839023,AGAGAAAAGATATAGAGACCTTTTAAATATACCTATAGCCTGGATATCCGCTTTTAATTAAGCTGACTTTCAACCATAGCACTCTTTAAAAAAAGCCAATATTTCTGGCTTTTGAACTTTACCAAAAATAACCTCACAGGTAAAACTAGCAAGCCTCAACTATGGTTAT,"[0.42132667 0.42030665 0.42809662 0.45580217 0.4686717  0.47384802
 0.43443036 0.4446178  0.44240648 0.454519   0.4626224  0.48100224
 0.48845825 0.52319044 0.471815   0.4853377  0.47690624 0.48606843
 0.47548866 0.50270396 0.5058559  0.5457592  0.49323806]"
4,4,4,hg19,chr2,91869704,91869726,TGTGAGCTCAGGCTGGTTATTTAGCCTGCCAATGCCTTCATTTCCTTATCTGTAAAATGGGGTAATAAAAGTGCTTACCTCACAGGGCAGTGAGAGTGAAATGAATTAATACATGTATTGTACCCAGCACAGGCTGGGTCTCCATCATGCCTGCTGCAATTGCTGCTAC,"[0.6675555  0.61837596 0.64158213 0.6314392  0.6585723  0.63226193
 0.66457766 0.65529305 0.6844028  0.6262567  0.6398382  0.6291444
 0.65440017 0.623479   0.6726223  0.65843004 0.7006542  0.6339852
 0.6573324  0.627447   0.6742617  0.63840944 0.66960204]"
